Company Name,Workday Carrer Page,Greenhouse Carrer Page,,,,
Adidas,,,,,,
Adobe,https://adobe.wd5.myworkdayjobs.com/external_experienced,,,,,
Agoda,,https://boards-api.greenhouse.io/v1/boards/Agoda/jobs,,,,
Air France KLM digital,,,,,,
Airbnb,,https://boards-api.greenhouse.io/v1/boards/Airbnb/jobs,,,,
Airbus,https://ag.wd3.myworkdayjobs.com/Airbus,,,,,
Amadeus,https://amadeus.wd502.myworkdayjobs.com/jobs,,,,,
Amazon,,,,,,
AMD,,,,,,
American Airlines tech,https://aaregional.wd503.myworkdayjobs.com/Search,,,,,
Amex,https://travelhrportal.wd1.myworkdayjobs.com/Jobs,,,,,
Apple,,,,,,
Atlassian,,,,,,
Bank of America,https://ghr.wd1.myworkdayjobs.com/lateral-ba_continuum,,,,,
Barclays,https://barclays.wd3.myworkdayjobs.com/External_Career_Site_Barclays,,,,,
BharatPe,,,,,,
Bloomberg,https://bloomberg.wd1.myworkdayjobs.com/Bloombergindustrygroup_External_Career_Site,,,,,
Blue Yonder,https://jda.wd5.myworkdayjobs.com/JDA_Careers/3/refreshFacet/318c8bb6f553100021d223d9780d30be,,,,,
BlueDart,,,,,,
BMW,,,,,,
BNP Paribas,,,,,,
Boeing,https://boeing.wd1.myworkdayjobs.com/EXTERNAL_CAREERS,,,,,
Booking Holdings,https://priceline.wd1.myworkdayjobs.com/BookingHoldings,,,,,
BP,https://bpinternational.wd3.myworkdayjobs.com/bpCareers/login,,,,,
BYD,,https://boards-api.greenhouse.io/v1/boards/BYD/jobs,,,,
Caterpillar,https://cat.wd5.myworkdayjobs.com/CaterpillarCareers/login,,,,,
Citi,https://citi.wd5.myworkdayjobs.com/2/1/refreshFacet/318c8bb6f553100021d223d9780d30be,,,,,
Cloudflare,,https://boards-api.greenhouse.io/v1/boards/Cloudflare/jobs,,,,
Confluent,,,,,,
Costco,,,,,,
CRED,https://broadridge.wd5.myworkdayjobs.com/Careers,,,,,
Databricks,,https://boards-api.greenhouse.io/v1/boards/Databricks/jobs,,,,
Delta,,,,,,
Deutsche Bank,https://db.wd3.myworkdayjobs.com/DBWebsite,,,,,
DHL,,,,,,
Docker,,,,,,
DoorDash,,https://boards-api.greenhouse.io/v1/boards/DoorDashIndia/jobs/,,,,
Emirates,,,,,,
Etihad,,,,,,
Expedia,https://expedia.wd108.myworkdayjobs.com/en-US/search/job/India---Bangalore/Contract-Recruiter_R-100354,,,,,
ExxonMobil,,,,,,
Fidelity,https://fil.wd3.myworkdayjobs.com/001,,,,,
Flipkart,,,,,,
Ford,,,,,,
General Motors,https://fordfoundation.wd1.myworkdayjobs.com/FordFoundationCareerPage,,,,,
Goldman Sachs,,,,,,
Google,,,,,,
HashiCorp,,,,,,
Hitachi,https://hitachi.wd1.myworkdayjobs.com/hitachi,,,,,
Home Depot,https://homedepot.wd5.myworkdayjobs.com/CareerDepot/login,,,,,
Honda,,,,,,
Honeywell,,,,,,
Hyundai,,,,,,
IKEA,,,,,,
Intuit,,,,,,
John Deere,,https://boards-api.greenhouse.io/v1/boards/deeretechstack/jobs/,,,,
JP Morgan,,,,,,
Kia,,,,,,
LG,,https://boards-api.greenhouse.io/v1/boards/lgelectronics/jobs/,,,,
Linekdin,,https://boards-api.greenhouse.io/v1/boards/LinkedIn/jobs,,,,
Lowe’s,https://lowes.wd5.myworkdayjobs.com/LWS_External_CS/login,,,,,
LSEG,https://lseg.wd3.myworkdayjobs.com/Careers,,,,,
Lufthansa Systems,,,,,,
Lyft,,https://boards-api.greenhouse.io/v1/boards/Lyft/jobs,,,,
Maersk,https://maersk.wd3.myworkdayjobs.com/Maersk_Careers,,,,,
Mastercard,https://mastercard.wd1.myworkdayjobs.com/CorporateCareers,,,,,
Mercedes,,,,,,
Meta,,,,,,
Microsoft,,,,,,
MongoDB,,https://boards-api.greenhouse.io/v1/boards/MongoDB/jobs,,,,
Morgan Stanley,https://ms.wd5.myworkdayjobs.com/External/job/Bengaluru-India/Software-Engineer---AI--Data---Agentic-Systems---Director--Software-Engineering------------------------------------------------------------------------------------------------------------------------------------------------_PT-JR031694-1,,,,,
Nasdaq,https://nasdaq.wd1.myworkdayjobs.com/Global_External_Site,,,,,
Netflix,https://netflix.wd1.myworkdayjobs.com/Netflix,,,,,
Nike,https://nike.wd1.myworkdayjobs.com/nke/,,,,,
Nvidia,https://nvidia.wd5.myworkdayjobs.com/NVIDIAExternalCareerSite,,,,,
Oracle,,,,,,
PayPal,https://paypal.wd1.myworkdayjobs.com/jobs,,,,,
PepsiCo,,,,,,
Philips,https://philips.wd3.myworkdayjobs.com/en-US/jobs-and-careers,,,,,
Priceline,https://priceline.wd1.myworkdayjobs.com/Priceline,,,,,
Qatar Airways,,,,,,
Qualcomm,,,,,,
Rakuten,https://rakuten.wd1.myworkdayjobs.com/RakutenInc,,,,,
Red Hat,https://redhat.wd5.myworkdayjobs.com/Jobs,,,,,
Rippling,,,,,,
Rivian,,,,,,
S&P Global,https://spgi.wd5.myworkdayjobs.com/SPGI_Careers,,,,,
Sabre,https://sabre.wd1.myworkdayjobs.com/SabreJobs,,,,,
Salesforce,https://salesforce.wd12.myworkdayjobs.com/External_Career_Site,,,,,
Samsung,https://sec.wd3.myworkdayjobs.com/Samsung_Careers,,,,,
SAP Labs,,,,,,
Schneider Electric,,,,,,
ServiceNow,,,,,,
Shell,https://shell.wd3.myworkdayjobs.com/ShellCareers,,,,,
Siemens,https://onehealthineers.wd3.myworkdayjobs.com/SHSJB,,,,,
Singapore Airlines,,,,,,
Société Générale,,,,,,
Sony,https://sonyglobal.wd1.myworkdayjobs.com/SonyGlobalCareers,,,,,
Splunk,,,,,,
Stripe,,https://boards-api.greenhouse.io/v1/boards/Stripe/jobs,,,,
Target,https://target.wd5.myworkdayjobs.com/targetcareers,,,,,
Tesla,,,,,,
Texas Instruments,,,,,,
Toshiba,,https://boards-api.greenhouse.io/v1/boards/toshibaglobalcommercesolutions/jobs/,,,,
Toyota,https://toyota.wd503.myworkdayjobs.com/TMNA,,,,,
Trivago,,https://boards-api.greenhouse.io/v1/boards/Trivago/jobs,,,,
Uber,,https://boards-api.greenhouse.io/v1/boards/uberfreight/jobs/,,,,
UBS,,,,,,
United Airlines tech,,,,,,
Visa,,,,,,
VMware,https://broadcom.wd1.myworkdayjobs.com/External_Career,,,,,
Volkswagen,,,,,,
Walmart,,,,,,
Wells Fargo,https://wf.wd1.myworkdayjobs.com/WellsFargoJobs,,,,,
Western Digital,,,,,,
Zoho,,,,,,
BlackRock,https://blackrock.wd1.myworkdayjobs.com/BlackRock_Professional/2/refreshFacet/318c8bb6f553100021d223d9780d30be,,,,,
Fourkites,,https://boards-api.greenhouse.io/v1/boards/Fourkites/jobs,,,,
Puma,https://trafigura.wd3.myworkdayjobs.com/Puma_Energy_Careers,,,,,
Cleartrip,,,,,,
Myntra,,,,,,
Media dot net,,,,,,
TSMC,,,,,,
Rubrik,,https://boards-api.greenhouse.io/v1/boards/Rubrik/jobs,,,,
Jetbrains,,https://boards-api.greenhouse.io/v1/boards/jetbrains/jobs/,,,,